-- 1. Справочник валют (ID 1-4)
INSERT INTO CURRENCY (id, code, name, symbol, decimal_places) VALUES 
(1, 'RUB', 'Российский рубль', '₽', 2),
(2, 'USD', 'Доллар США', '$', 2),
(3, 'EUR', 'Евро', '€', 2),
(4, 'CNY', 'Китайский юань', '¥', 2);

-- 2. Гибкое перечисление статусов счетов (ID 5-8)
INSERT INTO SYS_ENUM_ITEM (id, sys_class, order_num, code, name) VALUES 
(5, 'enum_account_status', 1, 'ACTIVE', 'Активен'),
(6, 'enum_account_status', 2, 'CLOSED', 'Закрыт'),
(7, 'enum_account_status', 3, 'FROZEN', 'Заморожен'),
(8, 'enum_account_status', 4, 'BLOCKED', 'Заблокирован');

-- 3. Клиенты (ID 9-13) + их поля-коллекции адресов (ID 14-18)
INSERT INTO CLIENT (id, code, name, created_dttm, addresses) VALUES 
(9,  'CL-001', 'Иванов Иван Иванович', '2024-01-10 09:00:00', 14),
(10, 'CL-002', 'ООО "Вектор Плюс"',    '2024-02-15 11:30:00', 15),
(11, 'CL-003', 'Петрова Анна Сергеевна','2024-03-05 14:15:00', 16),
(12, 'CL-004', 'ИП Сидоров К.Л.',      '2024-04-20 08:45:00', 17),
(13, 'CL-005', 'АО "ТехноСтрой"',      '2024-05-01 16:00:00', 18);

-- 4. Адреса клиентов (ID 19-28) + поля collection_id (ID 29-38)
INSERT INTO ADDRESS (id, code, name, collection_id, type, city, postal_code, created_dttm) VALUES 
(19, 'ADDR-001', 'г. Москва, ул. Ленина, д. 10, кв. 5',      29, 'REGISTRATION', 'Москва', '101000', '2024-01-10 09:05:00'),
(20, 'ADDR-002', 'г. Санкт-Петербург, Невский пр., д. 50',   30, 'RESIDENCE',    'Санкт-Петербург', '190000', '2024-01-12 10:00:00'),
(21, 'ADDR-003', 'г. Москва, ул. Тверская, д. 15, оф. 301',  31, 'LEGAL',        'Москва', '125009', '2024-02-15 11:35:00'),
(22, 'ADDR-004', 'г. Москва, ул. Профсоюзная, д. 88',        32, 'RESIDENCE',    'Москва', '117485', '2024-02-16 09:00:00'),
(23, 'ADDR-005', 'г. Казань, ул. Баумана, д. 12, кв. 4',     33, 'REGISTRATION', 'Казань', '420111', '2024-03-05 14:20:00'),
(24, 'ADDR-006', 'г. Казань, пр. Победы, д. 45',             34, 'RESIDENCE',    'Казань', '420000', '2024-03-06 12:00:00'),
(25, 'ADDR-007', 'г. Екатеринбург, ул. Мира, д. 20',         35, 'LEGAL',        'Екатеринбург', '620000', '2024-04-20 08:50:00'),
(26, 'ADDR-008', 'г. Екатеринбург, ул. Вайнера, д. 55, кв. 12',36,'RESIDENCE',    'Екатеринбург', '620014', '2024-04-21 15:30:00'),
(27, 'ADDR-009', 'г. Новосибирск, Красный пр., д. 100, оф. 10',37,'LEGAL',        'Новосибирск', '630000', '2024-05-01 16:05:00'),
(28, 'ADDR-010', 'г. Новосибирск, ул. Кирова, д. 30',        38, 'RESIDENCE',    'Новосибирск', '630007', '2024-05-02 10:15:00');

-- 5. Банковские счета (ID 39-48). Поля status ссылаются на ID гибкого перечисления (5-8).
INSERT INTO BANK_ACCOUNT (id, code, name, client_id, currency, balance, balance_national, status, open_dt, created_dttm) VALUES 
(39, '40817810000000000001', 'Расчетный рублевый',   9, 'RUB', 150000.50, 150000.50, 5, '2024-01-15', '2024-01-10 09:10:00'),
(40, '40817810000000000002', 'Валютный счет USD',    9, 'USD',  5000.00, 465000.00, 5, '2024-02-01', '2024-01-20 11:00:00'),
(41, '40817810000000000003', 'Расчетный счет ООО',   10,'RUB', 2500000.00,2500000.00, 5, '2024-02-20', '2024-02-15 11:40:00'),
(42, '40817810000000000004', 'Депозит EUR',          10,'EUR',  10000.00, 1020000.00, 7, '2024-03-01', '2024-02-18 14:00:00'),
(43, '40817810000000000005', 'Накопительный CNY',    11,'CNY',  75000.00, 1012500.00, 5, '2024-03-10', '2024-03-05 14:25:00'),
(44, '40817810000000000006', 'Расчетный ИП',         12,'RUB',   85000.20,  85000.20, 5, '2024-04-25', '2024-04-20 09:00:00'),
(45, '40817810000000000007', 'Валютный USD',         12,'USD',  1250.00, 116250.00, 5, '2024-04-28', '2024-04-22 10:30:00'),
(46, '40817810000000000008', 'Транзитный RUB',       13,'RUB',  500000.00, 500000.00, 8, '2024-05-05', '2024-05-01 16:10:00'),
(47, '40817810000000000009', 'Зарплатный проект',    13,'RUB', 1500000.00,1500000.00, 5, '2024-05-10', '2024-05-02 09:00:00'),
(48, '40817810000000000010', 'Корпоративный EUR',    13,'EUR',  25000.00, 2550000.00, 6, '2024-05-15', '2024-05-03 11:00:00');
